{"_runtime":248.128544207,"train_loss":0.615971969521564,"train/epoch":2,"train/learning_rate":3.043478260869566e-06,"_timestamp":1.7454986818409324e+09,"train/global_step":46,"train/grad_norm":9.813665390014648,"train/loss":0.2697,"_wandb":{"runtime":291},"total_flos":3.84187945189376e+15,"train_runtime":248.793,"train/mean_token_accuracy":0.9170505007108053,"train_samples_per_second":1.447,"_step":4,"train_steps_per_second":0.185}