{"train/grad_norm":0.1668097823858261,"train_samples_per_second":2.443,"_runtime":5177.935746703,"train_loss":0.7516705486476044,"train/global_step":1582,"train/epoch":2,"train/learning_rate":3.792667509481669e-08,"train_runtime":5178.7086,"train/mean_token_accuracy":0.736985445022583,"total_flos":1.2029575055802368e+18,"train_steps_per_second":0.305,"_timestamp":1.747064005020619e+09,"_wandb":{"runtime":5185},"_step":158,"train/loss":0.6932}