{"train/epoch":2.393617021276596,"train/mean_token_accuracy":0.9181678712368011,"_step":179,"_wandb":{"runtime":3591},"_timestamp":1.7444649083408089e+09,"_runtime":3524.170582224,"train/global_step":1800,"train/loss":0.2565,"train/learning_rate":4.051418439716312e-06,"train/grad_norm":4.430150032043457}