{"train/learning_rate":6.097560975609757e-07,"total_flos":3.0110603527009075e+17,"_runtime":1007.607638235,"train/grad_norm":0.8755277991294861,"train/global_step":492,"train_steps_per_second":0.488,"train/epoch":2,"train_samples_per_second":3.891,"train/mean_token_accuracy":0.903615802526474,"_wandb":{"runtime":1016},"train/loss":0.2355,"train_loss":0.4642565304913172,"_step":49,"train_runtime":1008.3898,"_timestamp":1.7448613607870433e+09}