{"train/loss":0.1757,"train_steps_per_second":0.493,"total_flos":2.1073662337781596e+18,"train_loss":0.6007495076521069,"_timestamp":1.7444699210624704e+09,"train/learning_rate":6.205673758865249e-08,"train/global_step":2256,"train/epoch":3,"_wandb":{"runtime":4611},"_runtime":4581.111247041,"train/mean_token_accuracy":0.9463730057080587,"_step":225,"train_samples_per_second":3.938,"train/grad_norm":5.215512275695801,"train_runtime":4580.3225}