{"train/epoch":3,"_wandb":{"runtime":4840},"_timestamp":1.7446945442295132e+09,"train/grad_norm":4.831316947937012,"train_runtime":4812.2353,"train/learning_rate":5.319148936170213e-08,"total_flos":2.158087428332585e+18,"train_samples_per_second":3.748,"train/loss":0.194,"train_loss":0.6866125525734948,"train_steps_per_second":0.469,"_step":225,"train/mean_token_accuracy":0.9456913868586222,"_runtime":4811.764730485,"train/global_step":2256}