{"eval/loss":0.0805167406797409,"_runtime":1271.010941252,"eval/steps_per_second":3.722,"train/learning_rate":3.5300112577302255e-08,"train/loss":0.0048,"_timestamp":1.7439926574704762e+09,"train_steps_per_second":0.366,"total_flos":6.143664978122506e+17,"train_samples_per_second":23.277,"train/grad_norm":0.5635960102081299,"train_runtime":1270.7667,"train_loss":0.6858662206639525,"_step":49,"eval/runtime":1.8805,"eval/samples_per_second":116.987,"_wandb":{"runtime":1295},"train/epoch":15,"train/global_step":465}