{"train/mean_token_accuracy":0.9587496638298034,"train_steps_per_second":0.223,"_step":6,"train/learning_rate":3.3333333333333335e-07,"_wandb":{"runtime":316},"_runtime":268.17410886,"train_samples_per_second":1.674,"train/loss":0.1313,"train_runtime":268.8929,"train/epoch":5,"train_loss":0.5715944051742554,"_timestamp":1.7466882014218354e+09,"total_flos":4.848212569489408e+15,"train/grad_norm":7.654021263122559,"train/global_step":60}