{"train/loss":0.1814,"train_steps_per_second":0.395,"train/mean_token_accuracy":0.9148408025503159,"_wandb":{"runtime":1777},"train_loss":0.5786997405595558,"train_runtime":1741.4421,"_step":68,"train/epoch":2,"train_samples_per_second":3.153,"_timestamp":1.7466126697433295e+09,"total_flos":5.928440512171213e+16,"train/global_step":688,"train/grad_norm":3.6244289875030518,"_runtime":1740.659654349,"train/learning_rate":2.616279069767442e-07}