{"train/epoch":3,"_runtime":8019.159333694,"train/grad_norm":3.176534414291382,"train_steps_per_second":0.157,"train_loss":0.39822887361995757,"train/loss":0.1257,"train/learning_rate":1.5873015873015876e-08,"train/mean_token_accuracy":0.9561002552509308,"train/global_step":1260,"total_flos":1.0114548244886323e+17,"_step":126,"_wandb":{"runtime":8060},"train_runtime":8019.8028,"train_samples_per_second":1.256,"_timestamp":1.745388036378613e+09}