{"_timestamp":1.7453271517988272e+09,"train_runtime":1851.6558,"train_samples_per_second":7.189,"train/grad_norm":2.5084328651428223,"train/mean_token_accuracy":0.8930841088294983,"train/loss":0.2834,"total_flos":2.6070246200705024e+17,"_step":166,"train/epoch":3,"train_loss":0.5555925517110853,"train_steps_per_second":0.899,"_wandb":{"runtime":1859},"train/learning_rate":7.207207207207208e-08,"train/global_step":1665,"_runtime":1851.065686283}