{"_runtime":946.383239024,"eval/runtime":0.5625,"train/learning_rate":0,"eval/loss":3.2517430782318115,"train/global_step":360,"train_samples_per_second":24.625,"_wandb":{"runtime":979},"eval/steps_per_second":10.667,"train_steps_per_second":0.382,"train_loss":0.3287415742977626,"total_flos":1.3396470691318989e+17,"eval/samples_per_second":305.785,"train/loss":0.0032,"train_runtime":942.9573,"train/grad_norm":0.025283392518758774,"_step":40,"train/epoch":14.408163265306122,"_timestamp":1.7435029493105402e+09}