{"total_flos":6.589836182736077e+17,"train/grad_norm":0.20882351696491241,"train/learning_rate":0.0002,"_runtime":1634.647908351,"train_loss":1.0285453865493552,"train/mean_token_accuracy":0.7886935360729694,"_wandb":{"runtime":1645},"train_steps_per_second":0.042,"train_runtime":1635.3979,"train_samples_per_second":11.029,"train/global_step":69,"train/epoch":2.8936170212765955,"_timestamp":1.7442038358784702e+09,"_step":13,"train/loss":0.7229}