{"train/epoch":2,"train/learning_rate":2.2222222222222224e-07,"train_samples_per_second":2.196,"train/grad_norm":5.621589183807373,"train/global_step":90,"train_loss":0.8710151010089451,"_runtime":327.238154753,"train_steps_per_second":0.274,"_timestamp":1.7466838856615195e+09,"total_flos":7.592032428097536e+15,"_wandb":{"runtime":373},"train/mean_token_accuracy":0.9063941419124604,"train/loss":0.3779,"_step":9,"train_runtime":327.8908}