{"train/epoch":2,"_step":49,"_runtime":300.723643621,"total_flos":4.081217695645696e+16,"train/grad_norm":3.2659926414489746,"train/global_step":492,"train/mean_token_accuracy":0.7699437439441681,"train/learning_rate":1.2195121951219514e-07,"train_runtime":301.5011,"_timestamp":1.7449463163438005e+09,"train_steps_per_second":1.632,"train_loss":0.8807540928445211,"_wandb":{"runtime":309},"train_samples_per_second":13.015,"train/loss":0.7466}