{"train/mean_token_accuracy":0.7380981544653574,"train_samples_per_second":12.159,"_wandb":{"runtime":1490},"train/global_step":2256,"_step":225,"train/grad_norm":3.0453484058380127,"train_steps_per_second":1.521,"train/learning_rate":6.205673758865249e-08,"train_runtime":1483.3476,"train_loss":0.8807868670064507,"train/epoch":3,"train/loss":0.7326,"total_flos":1.8444249953048986e+17,"_timestamp":1.744888626955704e+09,"_runtime":1482.3934914}