{"train_runtime":7367.0186,"train/global_step":2256,"train_steps_per_second":0.306,"_timestamp":1.7449654077754595e+09,"train/epoch":3,"train_samples_per_second":2.448,"_wandb":{"runtime":7374},"train/learning_rate":3.1028368794326243e-07,"train/loss":0.6244,"total_flos":1.7811190915079864e+18,"train/grad_norm":0.35581186413764954,"_runtime":7366.226884345,"train_loss":0.7052604148151181,"_step":225,"train/mean_token_accuracy":0.7613470057646433}