{"_timestamp":1.7435029143568745e+09,"train/loss":0.0013,"_runtime":922.573141278,"train_samples_per_second":25.29,"eval/samples_per_second":307.175,"eval/steps_per_second":10.715,"train/epoch":14.408163265306122,"_step":40,"train/global_step":360,"eval/loss":3.33931827545166,"total_flos":1.3302520992917094e+17,"_wandb":{"runtime":952},"train/learning_rate":0,"train/grad_norm":0.043126028031110764,"train_loss":0.3268166059653999,"train_steps_per_second":0.392,"eval/runtime":0.5599,"train_runtime":918.1315}