{"train_steps_per_second":0.414,"_timestamp":1.7466228891663244e+09,"train/epoch":2,"train_runtime":1087.9506,"train_loss":0.5898064144452413,"total_flos":3.744188883953254e+16,"train/loss":0.2604,"_step":45,"train_samples_per_second":3.309,"_wandb":{"runtime":1137},"train/global_step":450,"_runtime":1087.26104196,"train/learning_rate":4.444444444444445e-08,"train/mean_token_accuracy":0.8971977889537811,"train/grad_norm":1.9893019199371338}