{"train/loss":7.0859,"train_samples_per_second":872.386,"train_runtime":20.6743,"total_flos":4.91589173248e+11,"train/grad_norm":6.201392300564068,"train/mean_token_accuracy":0.5441621169447899,"train/num_tokens":19452,"train_loss":16.1640625,"_step":1,"train/epoch":0.0006653359946773121,"_wandb":{"runtime":29},"train/learning_rate":1.999556442670215e-05,"train_steps_per_second":218.096,"train/global_step":1,"_timestamp":1.7442733542353764e+09,"_runtime":18.75035589}