{"total_flos":1.8015073055570657e+18,"_timestamp":1.7452505890982447e+09,"train/grad_norm":0.2934294044971466,"_step":225,"_runtime":7310.298323926,"_wandb":{"runtime":7318},"train/learning_rate":3.1028368794326243e-07,"train_loss":0.832567165506647,"train/loss":0.7612,"train/global_step":2256,"train/mean_token_accuracy":0.745496799548467,"train_steps_per_second":0.309,"train_runtime":7311.0609,"train/epoch":3,"train_samples_per_second":2.467}