{"train/loss":0.7507,"_timestamp":1.7446972109174201e+09,"train/mean_token_accuracy":0.7892240703105926,"train/global_step":960,"_runtime":1849.467015012,"train/grad_norm":9.354292869567871,"_wandb":{"runtime":1860},"train/learning_rate":1.1489361702127662e-05,"_step":95,"train/epoch":1.2765957446808511}