{"train/grad_norm":4.167571544647217,"train_steps_per_second":0.409,"train/global_step":492,"train/mean_token_accuracy":0.9223229587078094,"train/learning_rate":1.2195121951219514e-07,"train_runtime":1201.9663,"train_samples_per_second":3.265,"total_flos":4.952749415963034e+16,"_runtime":1201.316065466,"_step":49,"train/loss":0.1912,"train_loss":0.5581529805573021,"_wandb":{"runtime":1251},"_timestamp":1.7449475873551364e+09,"train/epoch":2}