{"_runtime":625.037943787,"train/loss":0.261,"_timestamp":1.7466221869791949e+09,"train_steps_per_second":0.361,"train_samples_per_second":2.877,"_step":22,"train_runtime":625.7453,"train/learning_rate":6.194690265486726e-07,"total_flos":1.913023933448192e+16,"train/grad_norm":6.661811828613281,"train_loss":0.6948053583634638,"train/epoch":2,"_wandb":{"runtime":666},"train/global_step":226,"train/mean_token_accuracy":0.9245105187098185}