{"_step":137,"_wandb":{"runtime":1368},"train/grad_norm":3.9412152767181396,"train/learning_rate":2.917578409919767e-08,"train_steps_per_second":1.02,"train/mean_token_accuracy":0.9774096608161926,"train_samples_per_second":8.152,"train/epoch":3,"train/loss":0.1302,"train_runtime":1344.7557,"train_loss":0.4687530716173324,"_timestamp":1.747039891804076e+09,"total_flos":1.026737815158784e+17,"train/global_step":1371,"_runtime":1344.041629108}