{"_wandb":{"runtime":576},"train_runtime":565.9631,"train/loss":0.4215,"train/learning_rate":1.2195121951219514e-07,"train_loss":0.643360598179383,"_timestamp":1.744898480815148e+09,"_runtime":566.287097485,"train/grad_norm":2.556877851486206,"train/mean_token_accuracy":0.852662980556488,"train_steps_per_second":0.869,"train/epoch":2,"train_samples_per_second":6.933,"train/global_step":492,"total_flos":8.91371782185943e+16,"_step":49}