{"_timestamp":1.7449461779052393e+09,"_wandb":{"runtime":591},"train/loss":0.4608,"train/mean_token_accuracy":0.8626068115234375,"train/epoch":1.056910569105691,"train/grad_norm":6.310114860534668,"_step":25,"train/learning_rate":9.471544715447156e-06,"_runtime":569.735818757,"train/global_step":260}