{"train/mean_token_accuracy":0.8747822244962057,"_wandb":{"runtime":2538},"train/learning_rate":6.205673758865249e-08,"train_loss":0.6134804859229014,"train/global_step":2256,"train_samples_per_second":7.137,"total_flos":3.5042221415307674e+17,"train_runtime":2527.2239,"train/loss":0.3128,"_timestamp":1.744481857337224e+09,"train_steps_per_second":0.893,"_step":225,"train/epoch":3,"train/grad_norm":3.1975347995758057,"_runtime":2527.220619377}