{"train/grad_norm":3.6000592708587646,"train_loss":0.6086376036866225,"_step":237,"_timestamp":1.7471258797733147e+09,"_runtime":2726.856865552,"train_steps_per_second":0.87,"train/loss":0.3524,"train_samples_per_second":6.961,"train/global_step":2373,"train_runtime":2726.5726,"total_flos":3.630803310304297e+17,"train/mean_token_accuracy":0.8385926485061646,"_wandb":{"runtime":2736},"train/epoch":3,"train/learning_rate":3.37126000842815e-08}