{"train/learning_rate":5.319148936170213e-08,"train_loss":0.687974213497013,"train_steps_per_second":0.457,"_runtime":4934.437890163,"train/loss":0.2073,"total_flos":2.1605573899363287e+18,"train/mean_token_accuracy":0.9621716439723969,"train_samples_per_second":3.655,"_timestamp":1.7446947814888113e+09,"train_runtime":4934.8959,"train/grad_norm":6.834020137786865,"train/epoch":3,"_step":225,"train/global_step":2256,"_wandb":{"runtime":4962}}