{"train_runtime":729.5859,"total_flos":4.469668983078912e+16,"train_loss":0.7427137831846873,"train_steps_per_second":0.164,"_runtime":729.000266712,"train/learning_rate":0,"eval/runtime":0.5582,"_wandb":{"runtime":758},"train/loss":0.11,"train/global_step":120,"_timestamp":1.7435017116300457e+09,"_step":16,"eval/samples_per_second":308.108,"train/epoch":4.816326530612245,"train/grad_norm":0.6790297627449036,"eval/steps_per_second":10.748,"eval/loss":2.3722128868103027,"train_samples_per_second":10.609}