{"_runtime":1421.472938634,"_timestamp":1.745382775521414e+09,"total_flos":1.996119724701778e+17,"train/grad_norm":1.7848267555236816,"train/learning_rate":1.5873015873015876e-08,"train_runtime":1422.0876,"train/global_step":1260,"train/mean_token_accuracy":0.9061554670333862,"_step":126,"train_loss":0.47921580208672415,"train/epoch":3,"_wandb":{"runtime":1430},"train/loss":0.2043,"train_samples_per_second":7.082,"train_steps_per_second":0.886}