{"_step":0,"train/epoch":0.08316699933466401,"train/global_step":500,"train/learning_rate":1.9445553337768906e-05,"train/grad_norm":0.9804918169975281,"_runtime":455.792396574,"_wandb":{"runtime":521},"train/mean_token_accuracy":0.7652690478563309,"train/loss":1.0853,"_timestamp":1.744284473451175e+09}