{"train_steps_per_second":0.402,"_timestamp":1.7454995634880898e+09,"_runtime":1117.395233964,"_step":45,"train_loss":0.5306897105111016,"train/mean_token_accuracy":0.883208590745926,"train/epoch":2,"train_runtime":1118.171,"train_samples_per_second":3.22,"_wandb":{"runtime":1167},"train/loss":0.277,"train/learning_rate":4.444444444444445e-08,"train/grad_norm":4.348912239074707,"train/global_step":450,"total_flos":3.768806368136397e+16}