{"train/epoch":0.17543859649122806,"_runtime":29.946607584,"train/loss":1.6211,"train/mean_token_accuracy":0.6135297894477845,"train/grad_norm":13.499126434326172,"_wandb":{"runtime":35},"train/learning_rate":1.894736842105263e-05,"_step":0,"train/global_step":10,"_timestamp":1.74471923076417e+09}