{"total_flos":2.094905933430784e+15,"train/loss":0.7459,"train/global_step":24,"_step":2,"train_samples_per_second":0.915,"train/mean_token_accuracy":0.9244215935468674,"_timestamp":1.7466784634965546e+09,"_runtime":195.984965436,"train_steps_per_second":0.122,"_wandb":{"runtime":242},"train/grad_norm":8.275178909301758,"train/learning_rate":4.166666666666667e-06,"train_loss":0.9658714557687441,"train/epoch":2,"train_runtime":196.6177}