{"train/mean_token_accuracy":0.8856265544891357,"_runtime":249.072784581,"train/epoch":2,"_wandb":{"runtime":295},"train_steps_per_second":0.184,"train/grad_norm":9.407404899597168,"train/learning_rate":3.043478260869566e-06,"train_runtime":249.6011,"total_flos":3.895718913769472e+15,"_timestamp":1.7466110867567909e+09,"_step":4,"train_loss":0.9512754678726196,"train/global_step":46,"train_samples_per_second":1.442,"train/loss":0.5086}