{"_runtime":3885.967328548,"train_steps_per_second":0.324,"train/loss":0.4701,"_wandb":{"runtime":3895},"train_loss":0.6725037938072568,"total_flos":8.565860897652736e+17,"train/learning_rate":7.936507936507937e-08,"train/mean_token_accuracy":0.7953273952007294,"train/epoch":3,"_step":126,"train_runtime":3886.9633,"_timestamp":1.7453840009068215e+09,"train/grad_norm":0.7734322547912598,"train_samples_per_second":2.591,"train/global_step":1260}