{"total_flos":7.571088798541414e+16,"_timestamp":1.7470465161504965e+09,"_step":91,"_wandb":{"runtime":2258},"train/global_step":914,"train/epoch":2,"train/loss":0.2101,"train_samples_per_second":3.304,"train/mean_token_accuracy":0.9152636528015137,"train/grad_norm":4.714367389678955,"train_runtime":2211.7037,"_runtime":2210.987574681,"train_steps_per_second":0.413,"train/learning_rate":1.0940919037199125e-07,"train_loss":0.5341697711848065}