{"train_samples_per_second":2.165,"train/epoch":2,"train/loss":0.4094,"train/mean_token_accuracy":0.8737773478031159,"_step":9,"train_runtime":332.5291,"_wandb":{"runtime":375},"_runtime":331.846698866,"train_steps_per_second":0.271,"train_loss":0.8785653856065538,"train/grad_norm":8.043702125549316,"_timestamp":1.746622131516651e+09,"total_flos":7.428399005958144e+15,"train/learning_rate":2.2222222222222224e-07,"train/global_step":90}