{"total_flos":3.834144886882304e+15,"_timestamp":1.746621861726925e+09,"train/epoch":2,"train/grad_norm":10.520103454589844,"train_steps_per_second":0.203,"train/loss":0.7327,"train_samples_per_second":1.589,"train/mean_token_accuracy":0.86424121260643,"_step":4,"train/global_step":46,"_runtime":225.765741888,"_wandb":{"runtime":267},"train_runtime":226.4884,"train/learning_rate":3.043478260869566e-06,"train_loss":1.0361655484075132}