{"train/learning_rate":1.4184397163120568e-07,"train/loss":1.0265,"_timestamp":1.7441974215852997e+09,"total_flos":6.847329790790205e+17,"train/grad_norm":0.4812789559364319,"train_samples_per_second":11.603,"train_loss":1.3250200883716556,"train/mean_token_accuracy":0.7314950525760651,"train_runtime":1554.4587,"_runtime":1553.722822584,"train/global_step":282,"_wandb":{"runtime":1566},"train/epoch":3,"_step":28,"train_steps_per_second":0.181}