{"train/loss":0.0918,"_step":166,"train/epoch":3,"train_steps_per_second":0.487,"_runtime":3420.579664914,"train_samples_per_second":3.891,"train_runtime":3421.2326,"_timestamp":1.7453197216921377e+09,"total_flos":1.5769654607657042e+18,"train_loss":0.5534897589468741,"train/mean_token_accuracy":0.9806842565536499,"train/grad_norm":5.6127400398254395,"train/global_step":1665,"_wandb":{"runtime":3452},"train/learning_rate":7.207207207207208e-08}