{"train/grad_norm":0.982878565788269,"train_runtime":3161.8185,"total_flos":2.080734228470825e+17,"train/learning_rate":1.3039934800325999e-07,"train_samples_per_second":3.1,"train/global_step":1227,"_timestamp":1.7453956562175016e+09,"train/mean_token_accuracy":0.9712261642728534,"_runtime":3161.104254988,"_wandb":{"runtime":3204},"train_loss":0.2557015158873607,"train/loss":0.0457,"train_steps_per_second":0.388,"train/epoch":3,"_step":122}