{"train/learning_rate":6.519967400162999e-07,"_timestamp":1.7453967955683548e+09,"train_loss":0.6882398938782932,"train/global_step":1227,"train_samples_per_second":4.806,"train_steps_per_second":0.602,"train/grad_norm":1.3018858432769775,"train_runtime":2039.4335,"total_flos":1.2091536699461468e+18,"train/epoch":3,"_wandb":{"runtime":2081},"train/mean_token_accuracy":0.7568416936056954,"_runtime":2038.640926896,"_step":122,"train/loss":0.4965}