{"train/grad_norm":0.27352526783943176,"train/epoch":3,"train_samples_per_second":2.477,"_step":225,"_wandb":{"runtime":7288},"train_steps_per_second":0.31,"total_flos":1.7709171144927478e+18,"train/loss":0.6431,"_timestamp":1.744894406984459e+09,"train_runtime":7280.7148,"train/mean_token_accuracy":0.769167552391688,"train/learning_rate":3.1028368794326243e-07,"train_loss":0.7005082862385621,"train/global_step":2256,"_runtime":7279.962323787}