{"train/epoch":5,"_step":123,"train_steps_per_second":0.485,"train_loss":1.3911826591181562,"_timestamp":1.7448691930332518e+09,"_wandb":{"runtime":2569},"train/mean_token_accuracy":0.839224249124527,"train/learning_rate":8.130081300813009e-08,"train/global_step":1230,"train_samples_per_second":3.866,"train/grad_norm":4.492825508117676,"train/loss":0.3456,"total_flos":1.277293459241173e+18,"train_runtime":2537.7132,"_runtime":2537.54843708}