{"train_samples_per_second":2.517,"train_loss":0.7044328176939452,"train/loss":0.4931,"_runtime":5286.963929577,"train_runtime":5287.7915,"train/mean_token_accuracy":0.7540961861610412,"train_steps_per_second":0.315,"train/learning_rate":3.603603603603604e-07,"total_flos":1.235540935400489e+18,"train/epoch":3,"train/grad_norm":0.33289623260498047,"_wandb":{"runtime":5295},"train/global_step":1665,"_timestamp":1.745315067610535e+09,"_step":166}