{"_step":158,"train/mean_token_accuracy":0.7248352468013763,"total_flos":1.220789034851238e+18,"train_runtime":5194.2434,"train/grad_norm":0.196211040019989,"train/epoch":2,"_wandb":{"runtime":5202},"train/learning_rate":3.792667509481669e-08,"train/loss":0.6748,"_timestamp":1.7471283361455765e+09,"train/global_step":1582,"_runtime":5193.505099621,"train_steps_per_second":0.305,"train_loss":0.756691990097615,"train_samples_per_second":2.436}