{"train/epoch":3,"_runtime":4674.988112722,"train_runtime":4675.621,"train_loss":0.7065109251238776,"_step":225,"_wandb":{"runtime":4708},"train/grad_norm":3.663400888442993,"train/learning_rate":5.319148936170213e-08,"train_steps_per_second":0.483,"train/mean_token_accuracy":0.9405530591805776,"train_samples_per_second":3.857,"train/loss":0.2083,"total_flos":2.120195823466709e+18,"_timestamp":1.7446944447287831e+09,"train/global_step":2256}