{"_step":49,"train/grad_norm":4.473099708557129,"train_runtime":1535.4505,"total_flos":7.435857270354739e+17,"eval/loss":3.739356517791748,"eval/runtime":2.4204,"_wandb":{"runtime":1563},"train/global_step":465,"train_steps_per_second":0.303,"train/epoch":15,"eval/samples_per_second":90.894,"train/learning_rate":3.5300112577302255e-08,"_runtime":1535.872871805,"eval/steps_per_second":2.892,"train/loss":3.2872,"_timestamp":1.7436953173925443e+09,"train_samples_per_second":19.265,"train_loss":4.481127720494424}