{"_timestamp":1.7448004673919744e+09,"train/global_step":446,"_runtime":428.250831066,"_step":44,"train_runtime":429.0402,"train/loss":0.1985,"train_steps_per_second":1.04,"total_flos":2.501488872920187e+17,"train/learning_rate":1.5695067264573993e-06,"train/grad_norm":0.9982266426086426,"_wandb":{"runtime":438},"train_loss":0.47707143145291797,"train/mean_token_accuracy":0.891325573126475,"train/epoch":2,"train_samples_per_second":8.307}