{"train/epoch":3,"train_runtime":1090.5802,"_wandb":{"runtime":1097},"_timestamp":1.745319689721364e+09,"train/mean_token_accuracy":0.7425359487533569,"_runtime":1089.819869219,"total_flos":1.3126623573521203e+17,"_step":166,"train_loss":0.8649345265494452,"train_steps_per_second":1.527,"train/loss":0.7087,"train/grad_norm":2.563204050064087,"train/learning_rate":7.207207207207208e-08,"train/global_step":1665,"train_samples_per_second":12.205}