{"train/global_step":688,"_timestamp":1.746675689859694e+09,"_wandb":{"runtime":1771},"train/mean_token_accuracy":0.8985788002610207,"train_steps_per_second":0.399,"train/grad_norm":5.516747951507568,"_runtime":1725.738357152,"train/loss":0.1137,"total_flos":5.980358479498445e+16,"train_samples_per_second":3.18,"train_loss":0.5806516803974329,"train/learning_rate":2.616279069767442e-07,"train/epoch":2,"train_runtime":1726.4412,"_step":68}