{"total_flos":1.1139587752968847e+18,"train_steps_per_second":0.482,"train/loss":0.2354,"train_runtime":2096.6784,"_wandb":{"runtime":2134},"_timestamp":1.7447858013137295e+09,"train_loss":0.457616397582223,"train/mean_token_accuracy":0.963683545589447,"train_samples_per_second":3.855,"train/learning_rate":3.9564787339268054e-08,"train/grad_norm":14.108783721923828,"_step":101,"_runtime":2095.908361062,"train/global_step":1011,"train/epoch":3}