{"_step":33,"total_flos":2.911383895230382e+17,"train_loss":0.6667351455463421,"_timestamp":1.7447182122976568e+09,"train/grad_norm":5.990909576416016,"train/learning_rate":5.899705014749263e-07,"train/global_step":339,"train/loss":0.1923,"train/epoch":3,"train_runtime":703.36,"train_steps_per_second":0.482,"train_samples_per_second":3.839,"train/mean_token_accuracy":0.9282252854771085,"_runtime":702.787519212,"_wandb":{"runtime":733}}