{"train/mean_token_accuracy":0.6920624494552612,"_wandb":{"runtime":196},"train/epoch":0.4878048780487805,"train/loss":1.2184,"_step":11,"train/learning_rate":1.5162601626016263e-05,"train/global_step":120,"_runtime":191.866459527,"_timestamp":1.7449457760323176e+09,"train/grad_norm":17.78092384338379}