{"train/mean_token_accuracy":0.9159738520781199,"_wandb":{"runtime":664},"train/loss":0.287,"train_runtime":620.8732,"train/global_step":226,"train/epoch":2,"_runtime":620.152932561,"_step":22,"train_steps_per_second":0.364,"train/grad_norm":8.517691612243652,"train_samples_per_second":2.899,"train/learning_rate":6.194690265486726e-07,"train_loss":0.6937501926337724,"_timestamp":1.7466114357794929e+09,"total_flos":1.89571191013376e+16}