{"train/loss":0.7186,"train_loss":0.8330413031239882,"_step":112,"_timestamp":1.7445257582215555e+09,"total_flos":1.7842328740781097e+18,"train/grad_norm":0.7146899104118347,"_wandb":{"runtime":7165},"train/epoch":3,"_runtime":7156.673932311,"train_steps_per_second":0.158,"train/mean_token_accuracy":0.7427808307111263,"train/learning_rate":1.5957446808510638e-07,"train_runtime":7157.4373,"train_samples_per_second":2.52,"train/global_step":1128}