{"_step":225,"_runtime":5586.193722454,"train/mean_token_accuracy":0.9261882901191711,"train/loss":0.1667,"train_loss":0.5721247791583445,"train_steps_per_second":0.404,"train/global_step":2256,"_wandb":{"runtime":5628},"train/epoch":3,"train_runtime":5586.9111,"_timestamp":1.74454602121042e+09,"train/learning_rate":6.205673758865249e-08,"train_samples_per_second":3.228,"train/grad_norm":3.656109094619751,"total_flos":2.522714726119506e+17}