{"train/loss":0.1714,"train/grad_norm":3.2359399795532227,"_timestamp":1.745381306287931e+09,"_step":126,"train/epoch":3,"total_flos":9.37706512145449e+16,"train_samples_per_second":8.363,"train_steps_per_second":1.046,"train_runtime":1204.2865,"train/global_step":1260,"train/mean_token_accuracy":0.9384431302547455,"train_loss":0.4179374043430601,"train/learning_rate":1.5873015873015876e-08,"_wandb":{"runtime":1223},"_runtime":1203.507391221}