{"_timestamp":1.7448130006019044e+09,"_runtime":462.919511004,"train/loss":0.3473,"train_loss":0.4828488349732829,"train/learning_rate":6.097560975609757e-07,"train/grad_norm":0.7816349864006042,"train_steps_per_second":1.061,"train/global_step":492,"train_runtime":463.6704,"train/mean_token_accuracy":0.8732498288154602,"train_samples_per_second":8.463,"_step":49,"total_flos":2.7560819170895462e+17,"_wandb":{"runtime":471},"train/epoch":2}