{"train/loss":1.428,"train/learning_rate":1.99678420935906e-05,"_step":2,"_timestamp":1.7444636085345047e+09,"train/global_step":30,"_wandb":{"runtime":38},"_runtime":33.197221168,"train/epoch":0.00499001996007984,"train/grad_norm":13.544498443603516,"train/mean_token_accuracy":0.6170056164264679}