{"eval/runtime":2.1907,"train_steps_per_second":0.259,"total_flos":4.9511764754589286e+17,"_timestamp":1.7435828280797985e+09,"eval/samples_per_second":78.513,"eval/loss":0.035101309418678284,"train/global_step":288,"train/epoch":11.53061224489796,"train_loss":0.6358297132731726,"_wandb":{"runtime":1145},"train_samples_per_second":16.69,"train_runtime":1113.0217,"eval/steps_per_second":2.739,"_step":32,"train/learning_rate":2.352227840825394e-07,"_runtime":1113.517217619,"train/loss":0.0204,"train/grad_norm":0.8938286900520325}