{"_wandb":{"runtime":1986},"train/epoch":2.275600505689001,"_runtime":1969.13533493,"train/grad_norm":2.6190526485443115,"train/loss":0.4703,"train/global_step":1800,"train/learning_rate":4.837758112094395e-06,"_timestamp":1.747062239622829e+09,"_step":179,"train/mean_token_accuracy":0.8230643153190613}