{"train/grad_norm":2.014721632003784,"train_steps_per_second":0.891,"_timestamp":1.744783297433731e+09,"_wandb":{"runtime":1142},"train_loss":0.31711459566648353,"_runtime":1133.928264226,"train/mean_token_accuracy":0.8589449524879456,"train/epoch":3,"train_samples_per_second":7.122,"train/learning_rate":3.9564787339268054e-08,"train/loss":0.1486,"_step":101,"train_runtime":1134.7356,"total_flos":1.7642331458607514e+17,"train/global_step":1011}