{"train_runtime":744.0508,"train/epoch":2,"train/learning_rate":3.930131004366813e-07,"train_samples_per_second":4.911,"train/grad_norm":1.1354477405548096,"train/loss":1.326,"train_steps_per_second":0.616,"_timestamp":1.7454906842618084e+09,"train_loss":1.575914487047487,"train/mean_token_accuracy":0.6208254843950272,"_wandb":{"runtime":750},"total_flos":2.4718218399789875e+17,"train/global_step":458,"_step":45,"_runtime":743.284741842}