{"train/global_step":340,"train/loss":0,"train/learning_rate":7.30952380952381e-05,"train/epoch":0.8095238095238095,"_runtime":2809.349896004,"train/grad_norm":NaN,"_timestamp":1.7453845452602499e+09,"_wandb":{"runtime":2892},"_step":33,"train/mean_token_accuracy":0}