{"train/epoch":3,"train/mean_token_accuracy":0.9958677887916565,"_wandb":{"runtime":544},"train_steps_per_second":0.343,"train_runtime":498.4997,"train/learning_rate":2.3391812865497077e-07,"train/loss":0.141,"train/global_step":171,"_runtime":497.898992481,"train_loss":0.5353831353635468,"total_flos":1.4119843632513024e+16,"train_samples_per_second":2.708,"train/grad_norm":4.2562761306762695,"_step":17,"_timestamp":1.7447198346216776e+09}