{"train/epoch":2,"train_runtime":1042.7594,"_runtime":1041.991635433,"train/mean_token_accuracy":0.7045958042144775,"total_flos":5.378871923960709e+17,"_timestamp":1.7448617708183532e+09,"_wandb":{"runtime":1077},"train_loss":3.6588060332507624,"train/loss":1.9441,"train/grad_norm":45.4797477722168,"train_steps_per_second":0.472,"train/learning_rate":6.097560975609757e-07,"train_samples_per_second":3.763,"train/global_step":492,"_step":49}