{"_wandb":{"runtime":6761},"train/learning_rate":1.2916666666666668e-05,"train/epoch":1.0638297872340425,"_runtime":6741.867452078,"train/mean_token_accuracy":0.8594951868057251,"_step":79,"_timestamp":1.7444604570757267e+09,"train/global_step":800,"train/loss":0.4364,"train/grad_norm":2.7564215660095215}