{"train/global_step":220,"_runtime":474.071237562,"train/loss":0.3492,"train/grad_norm":8.202022552490234,"_timestamp":1.7466874494399967e+09,"_step":21,"train/epoch":1.9469026548672566,"_wandb":{"runtime":623},"train/learning_rate":6.194690265486726e-07,"train/mean_token_accuracy":0.8826119303703308}