{"train/mean_token_accuracy":0.7747349739074707,"train_loss":0.8248927339594415,"train/epoch":1,"train_samples_per_second":7.55,"train/loss":0.731,"train/grad_norm":1.6493619680404663,"_timestamp":1.7442866555274034e+09,"train_runtime":796.3343,"train/learning_rate":0,"_wandb":{"runtime":804},"_step":752,"_runtime":795.606128524,"train/global_step":752,"total_flos":7.023096457959834e+17,"train_steps_per_second":0.944}