{"train_loss":0.7786895100106584,"train/grad_norm":0.46697819232940674,"_runtime":1619.948298255,"train/mean_token_accuracy":0.8083109855651855,"_timestamp":1.7442891095383327e+09,"_step":1504,"train/loss":0.7952,"train/epoch":2,"train/learning_rate":0,"train_samples_per_second":7.418,"_wandb":{"runtime":1623},"train_runtime":1621.0004,"total_flos":2.3387325748740096e+17,"train/global_step":1504,"train_steps_per_second":0.928}