{"train/learning_rate":1.3297872340425533e-08,"train/mean_token_accuracy":0.8887574076652527,"train/grad_norm":4.818836688995361,"train/epoch":2,"_wandb":{"runtime":4420},"_timestamp":1.7443638832036638e+09,"train/loss":0.3517,"train_steps_per_second":0.344,"train_loss":0.5222502432396993,"_runtime":4371.78189058,"train/global_step":1504,"train_samples_per_second":2.75,"train_runtime":4372.5194,"total_flos":1.4811025350485606e+17,"_step":1504}