{"train/grad_norm":2.702251434326172,"_runtime":2288.331260601,"train/learning_rate":1.6578014184397165e-06,"train/global_step":2070,"_wandb":{"runtime":2290},"_step":206,"_timestamp":1.7445429075336711e+09,"train/loss":0.4383,"train/epoch":2.752659574468085,"train/mean_token_accuracy":0.8650854170322418}