{"train_runtime":1520.4715,"train/global_step":1371,"_runtime":1519.76151275,"train/epoch":3,"train/mean_token_accuracy":0.9132290482521057,"_step":137,"_timestamp":1.7470544437230139e+09,"train/loss":0.2662,"train/learning_rate":2.917578409919767e-08,"train_loss":0.5123071826173823,"train_samples_per_second":7.21,"train_steps_per_second":0.902,"train/grad_norm":2.6280269622802734,"_wandb":{"runtime":1527},"total_flos":2.1645144984282726e+17}