{"train_loss":0.7161668850257333,"train/global_step":226,"train/epoch":2,"_wandb":{"runtime":674},"train_runtime":637.8147,"train/learning_rate":6.194690265486726e-07,"train_samples_per_second":2.822,"_runtime":637.082754531,"train/loss":0.2922,"train/mean_token_accuracy":0.9236937264601389,"train/grad_norm":4.26223087310791,"train_steps_per_second":0.354,"_step":22,"_timestamp":1.7466884573030028e+09,"total_flos":1.907561426268979e+16}