{"train_runtime":2487.933,"_runtime":2487.746823632,"train/grad_norm":9.552628517150879,"train/learning_rate":8.130081300813009e-08,"total_flos":1.344885152727171e+18,"_step":123,"train/loss":1.1315,"train/mean_token_accuracy":0.6884501814842224,"train/global_step":1230,"train_loss":2.036572947928576,"train/epoch":5,"train_samples_per_second":3.943,"_wandb":{"runtime":2520},"_timestamp":1.7448691319156034e+09,"train_steps_per_second":0.494}