{"train/mean_token_accuracy":0.9241195619106293,"train/epoch":3,"_runtime":4584.433927923,"train_loss":0.6974042904503802,"train_runtime":4585.153,"_wandb":{"runtime":4611},"train/global_step":2256,"train/loss":0.1274,"train/grad_norm":5.31300687789917,"train_steps_per_second":0.492,"train_samples_per_second":3.934,"train/learning_rate":5.319148936170213e-08,"total_flos":2.1123785916090941e+18,"_step":225,"_timestamp":1.7446942692303262e+09}