{"eval/loss":2.061598777770996,"_wandb":{"runtime":111},"train/epoch":1.2040816326530612,"train/loss":1.2324,"eval/runtime":0.6233,"eval/samples_per_second":275.958,"train/global_step":30,"_runtime":33.429425518,"train/learning_rate":9.330127018922194e-05,"_timestamp":1.74350064046923e+09,"_step":3,"eval/steps_per_second":9.626,"train/grad_norm":2.333048105239868}