{"train_steps_per_second":0.371,"_step":22,"_wandb":{"runtime":650},"train_samples_per_second":2.956,"train_runtime":608.8587,"train/loss":0.2377,"train/epoch":2,"total_flos":1.83312878403584e+16,"train/global_step":226,"train/learning_rate":6.194690265486726e-07,"_runtime":608.188374395,"train/grad_norm":3.6825687885284424,"_timestamp":1.7454990532307343e+09,"train/mean_token_accuracy":0.9119391540686289,"train_loss":0.513786347038978}