{"train_loss":0.9537048745662609,"train/learning_rate":6.702127659574469e-06,"train/grad_norm":0.3844733238220215,"train_samples_per_second":7.431,"_runtime":808.317386446,"_wandb":{"runtime":812},"_timestamp":1.7442866486603668e+09,"train/loss":1.0364,"train/epoch":1,"train/mean_token_accuracy":0.8089391444883649,"total_flos":1.1696233181609984e+17,"_step":1,"train_steps_per_second":0.929,"train_runtime":809.0876,"train/global_step":752}