{"train/learning_rate":3.324468085106383e-07,"train/global_step":1504,"train_runtime":4946.0711,"_step":150,"_runtime":4945.027969124,"train/epoch":2,"_wandb":{"runtime":4954},"train_steps_per_second":0.304,"train/grad_norm":0.3758796751499176,"train_samples_per_second":2.431,"_timestamp":1.7449029965539753e+09,"train_loss":0.7250716085446641,"train/loss":0.7014,"train/mean_token_accuracy":0.7740006893873215,"total_flos":1.193093688251646e+18}