{"train_loss":0.23409233329095813,"_wandb":{"runtime":837},"total_flos":1.2768258307181773e+17,"train/grad_norm":2.8400731086730957,"train/epoch":3,"train_runtime":829.604,"_timestamp":1.744785669447485e+09,"_step":73,"_runtime":828.838482458,"train/loss":0.1265,"train/mean_token_accuracy":0.9482424855232239,"train_samples_per_second":7.095,"train_steps_per_second":0.89,"train/global_step":738,"train/learning_rate":2.439024390243903e-07}