{"train/loss":0.7874,"train/global_step":24,"_step":2,"train/learning_rate":4.166666666666667e-06,"_runtime":191.209248528,"train/grad_norm":7.432227611541748,"train/epoch":2,"train/mean_token_accuracy":0.8586215674877167,"total_flos":1.978767299837952e+15,"_wandb":{"runtime":235},"train_steps_per_second":0.125,"train_samples_per_second":0.939,"train_loss":1.1030913492043812,"_timestamp":1.7466125535867317e+09,"train_runtime":191.762}