{"train/mean_token_accuracy":0.9543269276618958,"train_runtime":465.7249,"train/global_step":492,"total_flos":2.755708150916055e+17,"train_steps_per_second":1.056,"train/grad_norm":0.9101226329803467,"train/learning_rate":6.097560975609757e-07,"_wandb":{"runtime":473},"train_samples_per_second":8.426,"train_loss":0.48219624322240917,"_step":49,"train/loss":0.1715,"train/epoch":2,"_runtime":464.99761599,"_timestamp":1.7452439836503499e+09}