{"train_samples_per_second":7.232,"train/loss":0.3591,"_wandb":{"runtime":2503},"_timestamp":1.744889581893819e+09,"train/grad_norm":2.353487014770508,"train_loss":0.6113668702912669,"train/global_step":2256,"total_flos":3.502234733327155e+17,"_runtime":2493.988097075,"train/epoch":3,"train/learning_rate":6.205673758865249e-08,"_step":225,"train/mean_token_accuracy":0.8890601396560669,"train_steps_per_second":0.905,"train_runtime":2493.7549}