{"train_steps_per_second":0.495,"total_flos":2.17350193710891e+18,"train_runtime":4723.3201,"train/loss":0.1816,"_step":234,"_wandb":{"runtime":4753},"train/epoch":3,"train/grad_norm":4.602902889251709,"train/learning_rate":8.547008547008548e-09,"train/mean_token_accuracy":0.9445187211036682,"_runtime":4722.71586634,"train_samples_per_second":3.961,"_timestamp":1.7453264423359697e+09,"train/global_step":2340,"train_loss":0.5981387890302218}