{"train_samples_per_second":3.281,"train/grad_norm":3.4698264598846436,"train/learning_rate":4.444444444444445e-08,"_timestamp":1.7466122151966536e+09,"_step":45,"total_flos":3.76076371975209e+16,"_wandb":{"runtime":1140},"train_loss":0.5917049418555366,"train/mean_token_accuracy":0.9112180948257447,"train/loss":0.2065,"train/global_step":450,"train/epoch":2,"train_runtime":1097.1752,"_runtime":1096.424952846,"train_steps_per_second":0.41}