{"train_runtime":1367.0371,"train/epoch":3,"train_loss":0.7814367944044425,"_runtime":1366.227398145,"train_steps_per_second":1.65,"train/mean_token_accuracy":0.7909996608893076,"train_samples_per_second":13.193,"train/loss":0.5982,"train/global_step":2256,"_step":225,"train/grad_norm":1.1842823028564453,"_timestamp":1.7442016023074415e+09,"total_flos":6.149167974763725e+17,"train/learning_rate":5.319148936170213e-08,"_wandb":{"runtime":1376}}