{"train/loss":0.6751,"_wandb":{"runtime":1496},"train/global_step":2256,"train_steps_per_second":1.515,"total_flos":1.8494135202951987e+17,"train/epoch":3,"train_samples_per_second":12.109,"train/grad_norm":3.008477210998535,"train_runtime":1489.4502,"_timestamp":1.7445193880588322e+09,"train/mean_token_accuracy":0.7386099100112915,"_step":225,"train_loss":0.8742394855259158,"train/learning_rate":6.205673758865249e-08,"_runtime":1488.674056073}