{"train/mean_token_accuracy":0.9450474083423615,"_timestamp":1.745382602304729e+09,"train/grad_norm":3.9943840503692627,"_step":126,"train_samples_per_second":3.867,"train/loss":0.1306,"train/epoch":3,"_runtime":2603.786593992,"train/learning_rate":1.5873015873015876e-08,"total_flos":1.2196023815582515e+18,"_wandb":{"runtime":2630},"train_steps_per_second":0.484,"train/global_step":1260,"train_runtime":2604.4843,"train_loss":0.48712765829903737}