{"train/grad_norm":3.040973424911499,"train/learning_rate":1.0434782608695653e-06,"train/epoch":5,"train_steps_per_second":0.296,"train/global_step":115,"train/mean_token_accuracy":0.976276969909668,"_timestamp":1.7466883063364186e+09,"_wandb":{"runtime":425},"train_runtime":387.8702,"_runtime":387.176998727,"train_samples_per_second":2.32,"total_flos":9.396954450624512e+15,"train_loss":0.5278048968833425,"train/loss":0.0769,"_step":11}