{"train/loss":0.1172,"train/grad_norm":4.314469814300537,"train_loss":0.4947697693310308,"_runtime":5483.560405889,"train_runtime":5484.2872,"train/epoch":3,"total_flos":2.22334966107734e+17,"train_samples_per_second":3.289,"_step":225,"train/mean_token_accuracy":0.9307943681875864,"_timestamp":1.7444708618084157e+09,"train/learning_rate":6.205673758865249e-08,"_wandb":{"runtime":5532},"train_steps_per_second":0.411,"train/global_step":2256}