{"train/mean_token_accuracy":0.7566201150417328,"train/grad_norm":5.83208703994751,"train/epoch":0.4521276595744681,"_runtime":2860.974569227,"_step":16,"train/loss":0.7028,"_timestamp":1.7444820926604002e+09,"train/global_step":170,"train/learning_rate":1.700354609929078e-05,"_wandb":{"runtime":3038}}