{"total_flos":5.103549156383785e+17,"train/epoch":2,"train/global_step":492,"train_runtime":1025.6798,"train/loss":1.3714,"_timestamp":1.7448617851721942e+09,"_step":49,"_wandb":{"runtime":1062},"train_loss":3.5251741486836257,"train_samples_per_second":3.826,"train/learning_rate":6.097560975609757e-07,"train/mean_token_accuracy":0.6429803222417831,"_runtime":1024.916368317,"train/grad_norm":8.124855041503906,"train_steps_per_second":0.48}