{"train/mean_token_accuracy":0.919766902923584,"_runtime":1053.881019119,"train/loss":0.3781,"total_flos":5.5469815381989786e+17,"train_loss":0.800722626166615,"train_samples_per_second":3.72,"_timestamp":1.7449475903002148e+09,"train_steps_per_second":0.466,"train/global_step":492,"train_runtime":1054.7135,"_wandb":{"runtime":1086},"_step":49,"train/epoch":2,"train/learning_rate":1.2195121951219514e-07,"train/grad_norm":5.910830497741699}