{"_timestamp":1.746679894589079e+09,"train_steps_per_second":0.391,"_wandb":{"runtime":1801},"train_loss":0.5779820963047272,"train/loss":0.2751,"train/epoch":2,"train/mean_token_accuracy":0.934620700776577,"train/learning_rate":2.616279069767442e-07,"total_flos":6.059866954347315e+16,"_step":68,"train_samples_per_second":3.119,"train_runtime":1760.3252,"_runtime":1759.464843323,"train/global_step":688,"train/grad_norm":5.179624557495117}