{"_runtime":247.309662147,"train/mean_token_accuracy":0.860333780447642,"total_flos":3.742116287086592e+15,"train_samples_per_second":1.452,"_timestamp":1.7466872366076903e+09,"train/learning_rate":3.043478260869566e-06,"train_loss":0.8979957414710004,"train/global_step":46,"train/loss":0.5677,"train_runtime":248.0173,"train/epoch":2,"train_steps_per_second":0.185,"_wandb":{"runtime":286},"_step":4,"train/grad_norm":9.946850776672363}