{"_wandb":{"runtime":49},"train/global_step":40,"train/loss":1.0393,"train/grad_norm":0.23868116736412048,"train/epoch":0.16260162601626016,"_runtime":40.127531036,"_timestamp":1.7449461534284008e+09,"train/mean_token_accuracy":0.7109498262405396,"_step":3,"train/learning_rate":9.207317073170732e-05}