{"_timestamp":1.7449468005718274e+09,"_wandb":{"runtime":482},"train_samples_per_second":8.238,"train/global_step":492,"train_runtime":476.3203,"train/learning_rate":6.097560975609757e-07,"total_flos":2.9191280299658445e+17,"train/mean_token_accuracy":0.7714702785015106,"train_steps_per_second":1.033,"train_loss":0.8157363279563624,"train/loss":0.7318,"_runtime":475.584385502,"train/epoch":2,"train/grad_norm":0.5128492712974548,"_step":49}