{"_step":166,"train_steps_per_second":0.401,"train/mean_token_accuracy":0.9336707472801209,"train_samples_per_second":3.21,"_runtime":4146.577875978,"_timestamp":1.7453242487406912e+09,"train/global_step":1665,"total_flos":1.4951346375072154e+17,"train/loss":0.1275,"_wandb":{"runtime":4189},"train/learning_rate":7.207207207207208e-08,"train/epoch":3,"train/grad_norm":5.6438164710998535,"train_runtime":4147.296,"train_loss":0.44873391232333026}