{"train/epoch":3,"_timestamp":1.7445456733289382e+09,"train_steps_per_second":0.901,"_runtime":2503.698894953,"train/loss":0.3906,"train_runtime":2504.4018,"train/global_step":2256,"train/mean_token_accuracy":0.8677554428577423,"total_flos":3.569190852183982e+17,"train/learning_rate":6.205673758865249e-08,"_wandb":{"runtime":2513},"_step":225,"train/grad_norm":3.8241841793060303,"train_loss":0.7206423026872865,"train_samples_per_second":7.202}