{"_wandb":{"runtime":388},"total_flos":7.558556379250688e+15,"_step":9,"train_samples_per_second":2.099,"_timestamp":1.746619937331246e+09,"train_runtime":342.9985,"train/loss":0.3719,"train/mean_token_accuracy":0.8916122198104859,"train_loss":0.8666553497314453,"train/global_step":90,"train/epoch":2,"train_steps_per_second":0.262,"_runtime":342.206942446,"train/learning_rate":2.2222222222222224e-07,"train/grad_norm":5.370767116546631}