{"train/global_step":226,"_timestamp":1.746678762992657e+09,"train/loss":0.2143,"train/epoch":2,"train/grad_norm":2.8051302433013916,"_step":22,"_runtime":609.029876503,"train_loss":0.6926599585377009,"total_flos":1.895071392936755e+16,"train/mean_token_accuracy":0.9211059411366781,"train_steps_per_second":0.371,"_wandb":{"runtime":668},"train_runtime":609.7924,"train_samples_per_second":2.952,"train/learning_rate":6.194690265486726e-07}