{"train/grad_norm":15.707759857177734,"train_steps_per_second":0.405,"train/epoch":2,"_step":158,"train/loss":0.2672,"train/mean_token_accuracy":0.9410504996776581,"_runtime":3904.803411166,"train/global_step":1582,"_wandb":{"runtime":3948},"train_runtime":3905.1101,"train_samples_per_second":3.24,"total_flos":1.3986465476666982e+17,"train_loss":0.619150252049664,"_timestamp":1.7471261201251605e+09,"train/learning_rate":3.792667509481669e-08}