{"train_loss":0.993302212962022,"train_steps_per_second":1.518,"train/mean_token_accuracy":0.7259999612967173,"_runtime":1485.040961086,"train_samples_per_second":12.139,"train/loss":0.8637,"_timestamp":1.7445421538619757e+09,"total_flos":1.958319828930396e+17,"_wandb":{"runtime":1492},"train/grad_norm":3.124361276626587,"_step":225,"train/global_step":2256,"train/learning_rate":6.205673758865249e-08,"train/epoch":3,"train_runtime":1485.7927}