{"train_steps_per_second":0.407,"train/mean_token_accuracy":0.9067379713058472,"train_loss":0.5981725486119588,"train_samples_per_second":3.253,"_step":45,"train/loss":0.2031,"train/grad_norm":4.053003311157227,"train/epoch":2,"total_flos":3.767948367888384e+16,"_timestamp":1.7466791622449458e+09,"train/global_step":450,"train_runtime":1106.6048,"_runtime":1105.885364503,"train/learning_rate":4.444444444444445e-08,"_wandb":{"runtime":1148}}