{"total_flos":1.4627844042784768e+16,"train_samples_per_second":2.686,"train_runtime":536.0515,"train_loss":0.5393222120073107,"train/epoch":4,"train/learning_rate":1.1111111111111112e-07,"_timestamp":1.7466889886386676e+09,"_step":18,"_runtime":535.353112233,"train/loss":0.0986,"train_steps_per_second":0.336,"train/global_step":180,"train/mean_token_accuracy":0.9702104032039642,"train/grad_norm":3.8476955890655518,"_wandb":{"runtime":577}}