{"train/mean_token_accuracy":0.8735554158687592,"_wandb":{"runtime":3136},"train/grad_norm":8.834545135498047,"_timestamp":1.7444650506682303e+09,"train/epoch":1.7686170212765957,"train/global_step":1330,"train/loss":0.3868,"train/learning_rate":8.218085106382978e-06,"_runtime":3118.088165075,"_step":132}