{"train/learning_rate":3.5300112577302255e-08,"eval/runtime":2.5407,"total_flos":7.361779060902461e+17,"train/epoch":15,"train/loss":0.006,"_timestamp":1.7436952685187588e+09,"train_samples_per_second":19.801,"eval/steps_per_second":2.755,"_runtime":1494.134699583,"train/grad_norm":0.042808324098587036,"train_loss":0.4137988872024962,"train_steps_per_second":0.311,"train/global_step":465,"eval/loss":0.05587775632739067,"_step":49,"eval/samples_per_second":86.591,"train_runtime":1493.8759,"_wandb":{"runtime":1519}}