{"train/grad_norm":1.05779230594635,"_step":91,"_wandb":{"runtime":2935},"_runtime":2927.450125954,"train_loss":1.0144147661634817,"train_steps_per_second":0.312,"_timestamp":1.7470423740138593e+09,"train_samples_per_second":2.496,"train/loss":0.8899,"train/mean_token_accuracy":0.741290956735611,"train/global_step":914,"train/epoch":2,"total_flos":6.452379603792036e+17,"train_runtime":2928.2118,"train/learning_rate":1.0940919037199125e-07}