{"train/epoch":3,"train_runtime":681.4899,"train_steps_per_second":1.083,"_runtime":680.493902424,"train/global_step":738,"train/learning_rate":1.2195121951219514e-06,"train/loss":0.1737,"train/grad_norm":0.4691949486732483,"train_loss":0.4031882626900505,"_step":73,"_wandb":{"runtime":687},"total_flos":4.1583511616251494e+17,"_timestamp":1.744786135869161e+09,"train/mean_token_accuracy":0.8652998879551888,"train_samples_per_second":8.637}