{"train_loss":0.5294004703941874,"_wandb":{"runtime":2863},"train_runtime":2833.9852,"train_steps_per_second":0.484,"train/global_step":1371,"train/loss":0.1524,"total_flos":1.31641446594773e+18,"train/epoch":3,"train/learning_rate":2.917578409919767e-08,"_runtime":2833.250956844,"_timestamp":1.7470474033689024e+09,"train/mean_token_accuracy":0.981249988079071,"_step":137,"train/grad_norm":3.915755033493042,"train_samples_per_second":3.868}