{"train/global_step":1227,"train/loss":0.142,"train/mean_token_accuracy":0.9598893012319293,"train_steps_per_second":0.407,"train/grad_norm":3.5274949073791504,"_wandb":{"runtime":3056},"total_flos":9.947875489139917e+16,"train_runtime":3016.8078,"_step":122,"train/epoch":3,"_timestamp":1.7453955542344708e+09,"train/learning_rate":1.3039934800325999e-07,"_runtime":3015.985037153,"train_samples_per_second":3.249,"train_loss":0.3936715944690634}