{"total_flos":6.002818802935398e+16,"train_loss":0.5860225930376801,"train_steps_per_second":0.392,"train/global_step":688,"_step":68,"train_runtime":1755.6544,"train/epoch":2,"train/learning_rate":2.616279069767442e-07,"_wandb":{"runtime":1797},"_timestamp":1.7466887180781915e+09,"_runtime":1754.980574279,"train_samples_per_second":3.127,"train/mean_token_accuracy":0.9415029734373093,"train/grad_norm":4.334338188171387,"train/loss":0.184}