{"_step":13,"_wandb":{"runtime":536},"_timestamp":1.743499734472584e+09,"eval/samples_per_second":304.792,"eval/runtime":0.5643,"train_runtime":496.5979,"train/grad_norm":3.809213876724243,"eval/loss":1.5775071382522583,"_runtime":501.424397635,"train/learning_rate":9.607359798384785e-08,"total_flos":1.5509617337434112e+16,"eval/steps_per_second":10.632,"train_steps_per_second":0.193,"train/global_step":96,"train_loss":1.0717852016290028,"train/loss":0.6996,"train_samples_per_second":6.234,"train/epoch":1.9690721649484537}