{"train_runtime":1280.9425,"train/epoch":3,"_wandb":{"runtime":1299},"train/grad_norm":3.8888185024261475,"_timestamp":1.7470454844540684e+09,"train/global_step":1371,"_runtime":1280.112223933,"train_steps_per_second":1.07,"train_loss":0.45323931678578006,"train/mean_token_accuracy":0.969072163105011,"train/loss":0.1632,"train/learning_rate":2.917578409919767e-08,"train_samples_per_second":8.558,"_step":137,"total_flos":1.035052101098537e+17}