{"total_flos":1.2834007921406771e+17,"train_samples_per_second":10.099,"_wandb":{"runtime":974},"train/epoch":3,"_step":122,"train/learning_rate":6.519967400162999e-07,"train_steps_per_second":1.264,"train/grad_norm":0.8735578656196594,"train/mean_token_accuracy":0.7534679089273725,"train/global_step":1227,"train/loss":0.6181,"_runtime":969.754472072,"_timestamp":1.7454035450867708e+09,"train_loss":0.8182389326181078,"train_runtime":970.5255}