{"_step":126,"_timestamp":1.7454035883734727e+09,"_runtime":1003.836907099,"train/mean_token_accuracy":0.7945571422576905,"train_runtime":1004.6144,"train/epoch":3,"_wandb":{"runtime":1013},"train/grad_norm":0.7738721966743469,"train/global_step":1260,"total_flos":2.9350277546193715e+17,"train/learning_rate":7.936507936507937e-08,"train_loss":0.7566176599926419,"train_steps_per_second":1.254,"train_samples_per_second":10.025,"train/loss":0.5017}