{"train/grad_norm":8.267003059387207,"train/loss":0.6101,"train/mean_token_accuracy":0.8391151666641236,"_runtime":2445.010847398,"train/epoch":1.6090425531914894,"_timestamp":1.7445429176703196e+09,"_step":120,"train/global_step":1210,"train/learning_rate":9.281914893617022e-06,"_wandb":{"runtime":2459}}