{"train/loss":1.5433,"train/mean_token_accuracy":0.6041072845458985,"train/epoch":0.00998003992015968,"_runtime":38.378811021,"_timestamp":1.74446542581007e+09,"train/global_step":60,"_wandb":{"runtime":38},"train/grad_norm":5.4526143074035645,"_step":5,"train/learning_rate":1.993457529385673e-05}