{"_runtime":2809.306452782,"train/epoch":3,"_timestamp":1.7470416526629393e+09,"train_steps_per_second":0.488,"train_runtime":2810.0732,"train/mean_token_accuracy":0.9635568261146545,"train/learning_rate":2.917578409919767e-08,"total_flos":1.3141062690526986e+18,"train/grad_norm":1.8676553964614868,"_step":137,"train/global_step":1371,"train/loss":0.1766,"train_loss":0.5458056532841021,"_wandb":{"runtime":2841},"train_samples_per_second":3.901}