{"train/global_step":90,"train/epoch":2,"_timestamp":1.7466881814888453e+09,"train_runtime":343.387,"_wandb":{"runtime":387},"train/learning_rate":2.2222222222222224e-07,"_runtime":342.653335761,"train/grad_norm":5.474623680114746,"train_samples_per_second":2.097,"_step":9,"train_steps_per_second":0.262,"train/loss":0.4188,"train_loss":0.849396652645535,"train/mean_token_accuracy":0.8714554190635682,"total_flos":7.240836978835456e+15}