{"train_steps_per_second":0.9,"train/mean_token_accuracy":0.8798978924751282,"_timestamp":1.7453224108734648e+09,"train/grad_norm":2.2400643825531006,"train/loss":0.4101,"train_runtime":2600.8888,"train/learning_rate":8.547008547008548e-09,"total_flos":3.620988320177193e+17,"train/epoch":3,"train/global_step":2340,"train_loss":0.612823636103899,"_runtime":2600.178575133,"_wandb":{"runtime":2608},"train_samples_per_second":7.194,"_step":234}