{"_timestamp":1.7435017500521202e+09,"_step":16,"_runtime":756.861151587,"eval/samples_per_second":308.45,"train_samples_per_second":10.224,"train_loss":0.7486528883377711,"eval/steps_per_second":10.76,"_wandb":{"runtime":780},"train/grad_norm":1.273237943649292,"eval/runtime":0.5576,"train_runtime":757.0508,"train/epoch":4.816326530612245,"eval/loss":2.370795726776123,"train/loss":0.1316,"total_flos":4.41563348950057e+16,"train_steps_per_second":0.159,"train/learning_rate":0,"train/global_step":120}