{"train/loss":1.1904,"_step":11,"train/learning_rate":1.894503546099291e-05,"train/global_step":120,"_timestamp":1.744461268806079e+09,"_runtime":194.781998905,"train/epoch":0.1595744680851064,"train/mean_token_accuracy":0.6555657029151917,"train/grad_norm":11.75111198425293,"_wandb":{"runtime":210}}