{"train_samples_per_second":12.254,"train/mean_token_accuracy":0.719939649105072,"_timestamp":1.745323209305096e+09,"train/epoch":3,"train/global_step":2340,"train_runtime":1526.8905,"total_flos":1.899185179721728e+17,"train_steps_per_second":1.533,"train/grad_norm":3.0024523735046387,"train/loss":0.837,"_runtime":1526.143552523,"_step":234,"train/learning_rate":8.547008547008548e-09,"train_loss":0.8983059858664488,"_wandb":{"runtime":1534}}