{"train_runtime":2507.8674,"train/learning_rate":6.205673758865249e-08,"train/global_step":2256,"total_flos":3.503826308620616e+17,"_step":225,"train_loss":0.6138869749633133,"_wandb":{"runtime":2519},"train_samples_per_second":7.192,"train/grad_norm":5.271101951599121,"_runtime":2507.83004579,"train/epoch":3,"_timestamp":1.744466447016314e+09,"train/loss":0.3519,"train/mean_token_accuracy":0.8639130592346191,"train_steps_per_second":0.9}