{"_step":225,"train/loss":0.6865,"train/learning_rate":6.205673758865249e-08,"_wandb":{"runtime":1488},"total_flos":1.850468241118331e+17,"train/mean_token_accuracy":0.7345263957977295,"train/epoch":3,"train_samples_per_second":12.176,"train/global_step":2256,"train/grad_norm":3.3443636894226074,"train_runtime":1481.2849,"train_steps_per_second":1.523,"train_loss":0.8747321589195982,"_timestamp":1.744466963224879e+09,"_runtime":1480.512164386}