{"train/grad_norm":7.504958152770996,"_runtime":4599.142779859,"train/mean_token_accuracy":0.9734599689642588,"train_steps_per_second":0.491,"train/learning_rate":6.205673758865249e-08,"train_runtime":4598.873,"total_flos":2.107298164988969e+18,"train_loss":0.598091906266855,"train_samples_per_second":3.922,"train/global_step":2256,"train/loss":0.1824,"train/epoch":3,"_step":225,"_wandb":{"runtime":4630},"_timestamp":1.7444839164307005e+09}