{"train_steps_per_second":1.036,"total_flos":1.8778812755581338e+17,"train/mean_token_accuracy":0.9379756569862365,"_step":234,"train_runtime":2259.3212,"train/global_step":2340,"train_samples_per_second":8.282,"train/epoch":3,"train/grad_norm":2.715823173522949,"train_loss":0.525562366257366,"_runtime":2258.722274923,"_wandb":{"runtime":2280},"_timestamp":1.7453293563508606e+09,"train/loss":0.187,"train/learning_rate":8.547008547008548e-09}