{"train/learning_rate":4.444444444444445e-08,"train_loss":0.5986206727557712,"train/epoch":2,"train/loss":0.2472,"train/global_step":450,"_runtime":1092.398548062,"train/mean_token_accuracy":0.9078101098537446,"_step":45,"_timestamp":1.7466880589536974e+09,"train/grad_norm":4.9406418800354,"train_steps_per_second":0.412,"_wandb":{"runtime":1138},"train_samples_per_second":3.294,"total_flos":3.72552936498135e+16,"train_runtime":1092.9711}