{"train_loss":0.7120893743443997,"_step":225,"train/epoch":3,"train_runtime":4792.3265,"train_samples_per_second":3.764,"train_steps_per_second":0.471,"_timestamp":1.744548010503702e+09,"_wandb":{"runtime":4821},"train/grad_norm":4.327870845794678,"total_flos":2.1318791620827546e+18,"train/loss":0.18,"train/learning_rate":6.205673758865249e-08,"train/global_step":2256,"_runtime":4791.837315438,"train/mean_token_accuracy":0.9209520121415457}