{"train_loss":0.5741937097194976,"_timestamp":1.744715366522124e+09,"train/loss":0.1822,"train/mean_token_accuracy":0.9257102873590257,"train_samples_per_second":3.082,"_runtime":875.370813973,"train/global_step":339,"train/epoch":3,"train_steps_per_second":0.387,"train_runtime":876.0919,"total_flos":3.326953997415219e+16,"_step":33,"_wandb":{"runtime":919},"train/learning_rate":5.899705014749263e-07,"train/grad_norm":4.451082706451416}