{"_timestamp":1.7453180012972164e+09,"train/loss":0.2571,"train_runtime":1863.1032,"total_flos":2.6093919275266867e+17,"train/mean_token_accuracy":0.8654066801071167,"train/learning_rate":7.207207207207208e-08,"train_samples_per_second":7.145,"_runtime":1862.545517608,"train_loss":0.5568070738165228,"_step":166,"_wandb":{"runtime":1872},"train/global_step":1665,"train/epoch":3,"train_steps_per_second":0.894,"train/grad_norm":3.035722017288208}