{"train/loss":1.4097,"eval/steps_per_second":10.749,"eval/loss":1.5453970432281494,"eval/samples_per_second":308.125,"train/epoch":0.4948453608247423,"_timestamp":1.743496045884774e+09,"train/global_step":24,"_runtime":28.8989311,"_step":2,"eval/runtime":0.5582,"_wandb":{"runtime":119},"train/grad_norm":3.612832546234131,"train/learning_rate":8.966766701456177e-06}