{"_step":15,"_timestamp":1.744468270142035e+09,"train/mean_token_accuracy":0.7128642737865448,"train/epoch":0.2127659574468085,"_wandb":{"runtime":1431},"train/grad_norm":8.765498161315918,"train/learning_rate":1.8590425531914894e-05,"train/global_step":160,"train/loss":0.8748,"_runtime":1383.008982987}