{"_step":137,"train/loss":0.22,"train/learning_rate":2.917578409919767e-08,"_runtime":1509.215522334,"_timestamp":1.747040222072837e+09,"train_runtime":1509.8981,"train/grad_norm":2.0623533725738525,"train_samples_per_second":7.26,"train/mean_token_accuracy":0.8963133692741394,"_wandb":{"runtime":1516},"total_flos":2.1574183888617472e+17,"train/global_step":1371,"train/epoch":3,"train_steps_per_second":0.908,"train_loss":0.5277995839171563}