{"_timestamp":1.746622012492761e+09,"train/loss":0.8153,"total_flos":2.09683960823808e+15,"train/global_step":24,"train/mean_token_accuracy":0.818342849612236,"train_loss":1.2225132783253987,"train/epoch":2,"train_steps_per_second":0.113,"train_samples_per_second":0.848,"_wandb":{"runtime":262},"_step":2,"train/grad_norm":9.549827575683594,"_runtime":211.33134836,"train_runtime":212.2672,"train/learning_rate":4.166666666666667e-06}