{"_runtime":211.684675769,"train/learning_rate":1.9601907296518078e-05,"_step":35,"train/mean_token_accuracy":0.6785914838314057,"train/global_step":360,"train/loss":1.1301,"_timestamp":1.7444653101044698e+09,"_wandb":{"runtime":212},"train/grad_norm":9.904016494750977,"train/epoch":0.059880239520958084}