{"train/global_step":288,"_runtime":1073.942993967,"_timestamp":1.7435827576308465e+09,"train_runtime":1074.0297,"train_loss":0.6831052493200533,"_step":32,"_wandb":{"runtime":1099},"train/loss":0.0214,"eval/runtime":2.2268,"train/epoch":11.53061224489796,"eval/samples_per_second":77.241,"train/grad_norm":0.6768369078636169,"total_flos":4.9146424421095834e+17,"train_steps_per_second":0.268,"train/learning_rate":2.352227840825394e-07,"eval/loss":0.043526068329811096,"train_samples_per_second":17.296,"eval/steps_per_second":2.694}