{"train_steps_per_second":0.486,"total_flos":2.1079251888751247e+18,"train_runtime":4643.0245,"_step":225,"train/learning_rate":6.205673758865249e-08,"train_samples_per_second":3.885,"_runtime":4643.309063484,"train_loss":0.5954416020119444,"_timestamp":1.7448917651341248e+09,"train/grad_norm":7.132757663726807,"train/global_step":2256,"train/mean_token_accuracy":0.9578652183214823,"train/epoch":3,"_wandb":{"runtime":4677},"train/loss":0.1825}