{"train_runtime":4804.6041,"_timestamp":1.747127032620046e+09,"train/epoch":3,"train/loss":0.1908,"total_flos":2.1865364423715062e+18,"train_samples_per_second":3.951,"train/learning_rate":3.37126000842815e-08,"train/mean_token_accuracy":0.9369487166404724,"_step":237,"train_loss":0.6029027028773035,"_wandb":{"runtime":4840},"train/global_step":2373,"train/grad_norm":5.310234069824219,"train_steps_per_second":0.494,"_runtime":4805.411448323}