{"train/grad_norm":11.151330947875977,"train_samples_per_second":0.904,"train/learning_rate":4.166666666666667e-06,"_wandb":{"runtime":243},"_step":2,"train/epoch":2,"train/global_step":24,"train_runtime":199.0884,"train/loss":0.8286,"_timestamp":1.7466872269061086e+09,"train_steps_per_second":0.121,"train_loss":1.0559971829255421,"_runtime":198.341647056,"train/mean_token_accuracy":0.8612179160118103,"total_flos":1.984084771340288e+15}