{"train/loss":0.7163,"train/global_step":1504,"train/learning_rate":0,"_step":1504,"train_steps_per_second":0.94,"_runtime":1590.593080537,"_wandb":{"runtime":1599},"train_loss":0.7145134946133228,"train/mean_token_accuracy":0.7953736782073975,"train_runtime":1599.3332,"train/grad_norm":1.234753131866455,"total_flos":1.407836962173223e+18,"_timestamp":1.744289123115432e+09,"train_samples_per_second":7.518,"train/epoch":2}