{"train/grad_norm":3.7661924362182617,"train_samples_per_second":3.347,"train/learning_rate":1.0940919037199125e-07,"train_runtime":2183.6692,"train/epoch":2,"_wandb":{"runtime":2235},"train_loss":0.5629483818747022,"_runtime":2182.909529043,"train/loss":0.2303,"train/mean_token_accuracy":0.9305611252784729,"train_steps_per_second":0.419,"total_flos":7.391545240479334e+16,"_step":91,"train/global_step":914,"_timestamp":1.7470411339991329e+09}