{"train_runtime":7640.269,"total_flos":1.8150827823516877e+18,"train/grad_norm":0.3719932734966278,"train/epoch":3,"_wandb":{"runtime":7648},"_runtime":7639.480784434,"train_steps_per_second":0.306,"_step":234,"train/mean_token_accuracy":0.7470750749111176,"train/learning_rate":4.2735042735042736e-08,"train_samples_per_second":2.449,"_timestamp":1.7453276951959958e+09,"train/loss":0.723,"train_loss":0.7397334221081856,"train/global_step":2340}