{"train_samples_per_second":3.811,"total_flos":5.379585668336845e+17,"train/mean_token_accuracy":0.9836376309394836,"train/epoch":2,"train_runtime":1029.7484,"_step":49,"train/grad_norm":9.235705375671387,"train_loss":0.4064261118570964,"train/loss":0.1424,"_runtime":1029.018351176,"train/learning_rate":1.2195121951219514e-07,"train_steps_per_second":0.478,"train/global_step":492,"_wandb":{"runtime":1059},"_timestamp":1.744899114897815e+09}