{"_runtime":2874.685171586,"_timestamp":1.7470471908985116e+09,"_step":91,"train/epoch":2,"train/mean_token_accuracy":0.7464412897825241,"total_flos":6.53254074992427e+17,"train/global_step":914,"train/loss":0.8562,"train_runtime":2875.4115,"train/learning_rate":1.0940919037199125e-07,"train_steps_per_second":0.318,"train_samples_per_second":2.542,"train_loss":1.0185990328340093,"train/grad_norm":0.9852021932601929,"_wandb":{"runtime":2882}}