{"train/global_step":16,"train/mean_token_accuracy":0.257999986410141,"_timestamp":1.7443507340351014e+09,"train/grad_norm":75.5074234008789,"train/learning_rate":1.9975049900199605e-05,"train/epoch":0.0026613439787092482,"_wandb":{"runtime":24},"_step":15,"train/loss":8.0381,"_runtime":23.126625694}