{"train/global_step":2256,"train/mean_token_accuracy":0.9546018441518148,"train/grad_norm":3.3820083141326904,"train/loss":0.1482,"train/learning_rate":6.205673758865249e-08,"train/epoch":3,"train_runtime":5512.3618,"_wandb":{"runtime":5555},"train_loss":0.4906321386971795,"total_flos":2.204568073095086e+17,"_runtime":5512.612506243,"train_samples_per_second":3.272,"train_steps_per_second":0.409,"_timestamp":1.744892744220427e+09,"_step":225}