{"total_flos":4.00067882123264e+15,"train/mean_token_accuracy":0.8704206844170889,"train/global_step":46,"train_loss":0.9625099638234014,"train_steps_per_second":0.204,"train_samples_per_second":1.598,"train/loss":0.4999,"_timestamp":1.7466783930165455e+09,"train/epoch":2,"_runtime":224.553841464,"train_runtime":225.3128,"train/grad_norm":8.696783065795898,"_step":4,"train/learning_rate":3.043478260869566e-06,"_wandb":{"runtime":262}}