{"train_steps_per_second":0.315,"train_runtime":7160.8339,"_timestamp":1.7445641204000063e+09,"train/loss":0.8444,"_runtime":7160.064027103,"_step":225,"train_loss":0.8911338106114813,"train/mean_token_accuracy":0.7333729863166809,"train_samples_per_second":2.519,"train/global_step":2256,"_wandb":{"runtime":7167},"total_flos":1.7889208018906644e+18,"train/learning_rate":6.205673758865249e-08,"train/grad_norm":0.3067598044872284,"train/epoch":3}